,Date,Price,SMA,EMA,RSI,Price_Return
0,2020-01-01,20.21,20.21,20.54,0.0,
1,2020-01-02,19.77,19.77,20.283333333333335,0.0,-0.021771400296882792
2,2020-01-03,21.34,21.34,20.63555555555556,0.0,0.07941325240263027
3,2020-01-04,20.21,20.21,20.49370370370371,0.0,-0.052952202436738476
4,2020-01-05,21.17,21.17,20.71913580246914,51.078167115902964,0.047501237011380544
5,2020-01-06,23.53,20.54,21.656090534979427,54.118390562460505,0.11147850732168159
6,2020-01-07,24.87,21.204,22.727393689986286,56.05659378073693,0.05694857628559285
7,2020-01-08,24.76,22.224,23.404929126657528,55.81465426592129,-0.0044229995979091045
8,2020-01-09,23.53,22.908,23.446619417771686,52.6391589149553,-0.04967689822294024
9,2020-01-10,26.1,23.572000000000003,24.33107961184779,58.76624710270841,0.10922226944326392
10,2020-01-11,27.75,24.558,25.470719741231864,62.64461315617034,0.06321839080459764
11,2020-01-12,27.86,25.402,26.267146494154577,62.93513388337028,0.003963963963963943
12,2020-01-13,29.88,26.0,27.471430996103052,68.54971287519157,0.072505384063173
13,2020-01-14,31.57,27.024,28.837620664068705,72.85061966346632,0.05655957161981263
14,2020-01-15,31.32,28.632,29.665080442712473,71.05387444814929,-0.007918910357934747
15,2020-01-16,32.45,29.676,30.593386961808317,74.59413825380517,0.03607918263090685
16,2020-01-17,32.06,30.616,31.08225797453888,70.85548788355409,-0.012018489984591697
17,2020-01-18,30.19,31.456,30.78483864969259,54.48753618804662,-0.05832813474734875
18,2020-01-19,30.78,31.518,30.783225766461726,58.287724695747926,0.019542894998343815
19,2020-01-20,31.0,31.360000000000003,30.85548384430782,59.85028900155975,0.007147498375568514
20,2020-01-21,30.71,31.296000000000003,30.80698922953855,56.37081449268474,-0.009354838709677392
21,2020-01-22,30.15,30.948,30.587992819692367,49.43381619590383,-0.018235102572452044
22,2020-01-23,32.68,30.566,31.285328546461578,70.1667384953258,0.08391376451077948
23,2020-01-24,32.78,31.064,31.78355236430772,70.75909163239994,0.003059975520195882
24,2020-01-25,33.36,31.464,32.30903490953848,74.43869484567529,0.01769371568029281
25,2020-01-26,33.67,31.936,32.76268993969232,76.42103669492369,0.009292565947242275
26,2020-01-27,36.97,32.528,34.16512662646155,88.39588211030802,0.09801009801009793
27,2020-01-28,35.7,33.892,34.6767510843077,71.03995938753626,-0.034352177441168405
28,2020-01-29,37.82,34.496,35.7245007228718,79.45648129976573,0.05938375350140048
29,2020-01-30,39.2,35.504,36.883000481914536,83.38542617973386,0.03648863035430996
30,2020-01-31,36.8,36.672000000000004,36.855333654609694,58.897972895946886,-0.061224489795918505
31,2020-02-01,37.33,37.298,37.013555769739796,61.98002473150117,0.01440217391304351
32,2020-02-02,39.61,37.37,37.87903717982653,72.9052578060089,0.06107688186445222
33,2020-02-03,40.33,38.152,38.69602478655102,75.66551016117702,0.01817722797273413
34,2020-02-04,41.93,38.653999999999996,39.774016524367354,81.0328909406622,0.039672700223158976
35,2020-02-05,44.05,39.199999999999996,41.19934434957824,86.10787544481983,0.05056045790603381
36,2020-02-06,42.39,40.65,41.596229566385496,68.23732881347897,-0.037684449489216724
37,2020-02-07,42.01,41.662,41.734153044257,64.41217877761633,-0.008964378391130044
38,2020-02-08,42.26,42.141999999999996,41.909435362838,65.98045094229431,0.005950964056177101
39,2020-02-09,43.43,42.528,42.41629024189201,72.95304368668324,0.0276857548509229
40,2020-02-10,42.65,42.827999999999996,42.49419349459467,62.31049381242256,-0.01795993552843659
41,2020-02-11,43.1,42.548,42.69612899639645,65.89813000602464,0.01055099648300124
42,2020-02-12,40.96,42.69,42.11741933093097,42.084647353235866,-0.04965197215777263
43,2020-02-13,43.88,42.48,42.70494622062065,64.16909973763507,0.07128906250000004
44,2020-02-14,40.46,42.804,41.956630813747104,41.179640760268605,-0.07793983591613494
45,2020-02-15,43.16,42.21,42.357753875831406,56.543628099806426,0.06673257538309431
46,2020-02-16,42.28,42.312,42.33183591722094,51.10523519822235,-0.02038924930491185
47,2020-02-17,45.29,42.148,43.31789061148063,65.35299172910092,0.0711920529801324
48,2020-02-18,45.09,43.014,43.90859374098709,63.80867157206452,-0.004415985868845126
49,2020-02-19,45.47,43.256,44.429062493991395,65.73187750955603,0.008427589265912517
50,2020-02-20,41.75,44.258,43.536041662660935,39.83109559249333,-0.08181218385748842
51,2020-02-21,41.5,43.976,42.85736110844063,38.55488219303205,-0.005988023952095809
52,2020-02-22,42.87,43.82,42.861574072293756,49.61360362113518,0.033012048192771024
53,2020-02-23,41.13,43.336,42.28438271486251,38.58787904266994,-0.04058782365290401
54,2020-02-24,44.4,42.544,42.98958847657501,59.65179467553006,0.07950401167031354
55,2020-02-25,44.97,42.33,43.649725651050005,62.457519591067786,0.012837837837837845
56,2020-02-26,44.08,42.974,43.793150434033336,54.99373272657898,-0.019790971758950424
57,2020-02-27,40.18,43.49,42.588766956022226,33.237386028722014,-0.08847549909255896
58,2020-02-28,39.98,42.952,41.719177970681486,32.41533516434413,-0.004977600796416198
59,2020-02-29,39.17,42.722,40.86945198045433,28.80826958744865,-0.020260130065032397
60,2020-03-01,43.34,41.676,41.692967986969556,58.51503228542859,0.10645902476384993
61,2020-03-02,42.38,41.35,41.92197865797971,52.24182924532235,-0.022150438394093235
62,2020-03-03,40.78,41.01,41.54131910531981,42.70400590104325,-0.037753657385559254
63,2020-03-04,43.05,41.13,42.04421273687987,56.717809307397744,0.055664541441883174
64,2020-03-05,40.7,41.744,41.59614182458658,43.08203059647593,-0.05458768873403007
65,2020-03-06,40.36,42.050000000000004,41.18409454972439,41.286908752233074,-0.008353808353808436
66,2020-03-07,42.47,41.454,41.61272969981626,55.62895142241201,0.052279484638255685
67,2020-03-08,42.13,41.472,41.78515313321084,53.02025037440957,-0.00800565104779836
68,2020-03-09,41.72,41.742,41.76343542214056,49.51985007200829,-0.009731782577735668
69,2020-03-10,41.54,41.476,41.68895694809371,47.78844956461578,-0.004314477468839878
70,2020-03-11,42.58,41.644,41.98597129872914,58.3146670948128,0.025036109773712064
71,2020-03-12,40.62,42.088,41.5306475324861,39.53698319348543,-0.04603100046970411
72,2020-03-13,41.22,41.717999999999996,41.42709835499073,46.169764731053526,0.014771048744460892
73,2020-03-14,40.92,41.536,41.258065569993825,43.207364871370686,-0.007278020378456991
74,2020-03-15,41.36,41.376,41.29204371332922,49.18487659225344,0.010752688172042954
75,2020-03-16,40.85,41.339999999999996,41.144695808886155,42.67686343721506,-0.0123307543520309
76,2020-03-17,43.13,40.994,41.806463872590776,67.04469407485828,0.05581395348837212
77,2020-03-18,42.28,41.496,41.96430924839385,55.95925418921639,-0.01970785995826574
78,2020-03-19,45.82,41.708,43.24953949892924,76.33187044945464,0.08372753074739828
79,2020-03-20,45.26,42.688,43.91969299928616,69.9348118543231,-0.012221737232649547
80,2020-03-21,46.39,43.468,44.74312866619078,75.18115228296136,0.024966858152894445
81,2020-03-22,48.19,44.576,45.89208577746052,81.58092371300434,0.03880146583315364
82,2020-03-23,44.24,45.588,45.34139051830702,47.7829615248758,-0.08196721311475401
83,2020-03-24,46.6,45.98,45.76092701220468,60.12154149232276,0.05334538878842675
84,2020-03-25,44.65,46.136,45.39061800813646,48.327123594083666,-0.04184549356223182
85,2020-03-26,47.08,46.014,45.95374533875764,60.421583818721594,0.05442329227323628
86,2020-03-27,49.68,46.152,47.195830225838435,69.85743605592555,0.05522514868309264
87,2020-03-28,49.8,46.45,48.06388681722562,70.26640288479382,0.0024154589371980163
88,2020-03-29,48.83,47.562,48.31925787815042,61.79489030710859,-0.019477911646586323
89,2020-03-30,50.03,48.007999999999996,48.88950525210028,67.79845823549664,0.024575056317837456
90,2020-03-31,49.3,49.083999999999996,49.02633683473352,60.561795282662885,-0.01459124525284837
91,2020-04-01,48.85,49.528,48.96755788982235,55.9593282432028,-0.009127789046653059
92,2020-04-02,53.52,49.362,50.48503859321491,77.82264569658548,0.09559877175025591
93,2020-04-03,54.97,50.106,51.98002572880994,81.40535209967487,0.02709267563527645
94,2020-04-04,53.96,51.334,52.64001715253996,71.36700230950916,-0.01837365835910493
95,2020-04-05,53.67,52.12,52.98334476835998,68.34228028908215,-0.005374351371386196
96,2020-04-06,53.7,52.994,53.222229845573324,68.51483517226015,0.000558971492453906
97,2020-04-07,53.67,53.964,53.37148656371556,68.05118192063358,-0.0005586592178771161
98,2020-04-08,55.77,53.994,54.17099104247704,79.93328006069648,0.03912800447177196
99,2020-04-09,53.49,54.154,53.94399402831803,53.12114774779133,-0.04088219472834859
100,2020-04-10,54.83,54.06,54.239329352212025,62.38933322606149,0.02505141147878101
101,2020-04-11,58.3,54.292,55.59288623480802,77.06609911841973,0.06328652197701987
102,2020-04-12,58.28,55.212,56.48859082320536,76.85003932225582,-0.00034305317324178426
103,2020-04-13,54.45,56.134,55.80906054880357,45.98760541074431,-0.06571722717913518
104,2020-04-14,57.24,55.87,56.28604036586905,60.45019025802596,0.05123966942148758
105,2020-04-15,62.08,56.62,58.21736024391271,74.97854043383256,0.08455625436757505
106,2020-04-16,55.93,58.07,57.45490682927514,47.35105625839429,-0.09906572164948452
107,2020-04-17,59.9,57.596000000000004,58.26993788618343,59.41727011410866,0.07098158412301088
108,2020-04-18,57.12,57.92,57.88662525745562,49.48936649613085,-0.04641068447412356
109,2020-04-19,61.45,58.454,59.074416838303755,61.887696019957524,0.07580532212885163
110,2020-04-20,61.6,59.296,59.91627789220251,62.28853243447197,0.002441008950366128
111,2020-04-21,63.21,59.2,61.01418526146834,66.95183830190574,0.026136363636363628
112,2020-04-22,59.47,60.656,60.499456840978894,49.26306739047512,-0.05916785318778677
113,2020-04-23,59.39,60.57,60.12963789398594,48.917503911504255,-0.0013452160753320715
114,2020-04-24,59.22,61.024,59.826425262657295,48.02271206487255,-0.0028624347533255045
115,2020-04-25,58.76,60.578,59.47095017510487,45.224683224761215,-0.00776764606551842
116,2020-04-26,62.67,60.01,60.53730011673658,66.16849601225363,0.06654186521443164
117,2020-04-27,59.09,59.902,60.05486674449106,46.0267394726307,-0.057124621030796206
118,2020-04-28,64.2,59.826,61.436577829660706,65.02323825147278,0.08647825351159247
119,2020-04-29,60.67,60.788000000000004,61.18105188644047,49.867520664052414,-0.05498442367601248
120,2020-04-30,59.7,61.078,60.68736792429365,46.1710701820772,-0.01598813252019118
121,2020-05-01,58.51,61.266000000000005,59.96157861619577,41.45842097453299,-0.019932998324958203
122,2020-05-02,64.45,60.434000000000005,61.45771907746386,64.23546150274461,0.10152110750299102
123,2020-05-03,58.55,61.506,60.48847938497591,43.312547497310106,-0.09154383242823903
124,2020-05-04,61.24,60.376,60.73898625665061,52.18806910943629,0.04594363791631093
125,2020-05-05,60.86,60.49,60.77932417110041,50.78404185583485,-0.006205094709340342
126,2020-05-06,59.22,60.722,60.259549447400275,44.347614949254975,-0.026947091685836356
127,2020-05-07,62.78,60.864,61.09969963160019,58.58893243074129,0.06011482607227292
128,2020-05-08,60.84,60.53,61.013133087733465,49.89212022705205,-0.030901561006689993
129,2020-05-09,61.12,60.988,61.04875539182231,51.19901145045319,0.0046022353714660425
130,2020-05-10,60.32,60.964,60.80583692788154,46.836286466119866,-0.013089005235602049
131,2020-05-11,61.83,60.856,61.1472246185877,55.73545171415693,0.025033156498673707
132,2020-05-12,61.89,61.378,61.394816412391805,56.10043959938447,0.0009704027171276448
133,2020-05-13,62.02,61.2,61.60321094159454,57.05938264022615,0.002100500888673494
134,2020-05-14,59.77,61.436,60.9921406277297,38.74771446331446,-0.03627861980006449
135,2020-05-15,60.28,61.166000000000004,60.75476041848647,43.853054220935036,0.008532708716747498
136,2020-05-16,62.17,61.158,61.22650694565765,59.49296957680955,0.031353682813536836
137,2020-05-17,59.65,61.226,60.70100463043843,40.63018482631115,-0.04053401962361272
138,2020-05-18,58.47,60.778,59.95733642029229,34.27029633661705,-0.019782062028499577
139,2020-05-19,60.57,60.068,60.161557613528196,51.24688346445275,0.03591585428424836
140,2020-05-20,58.98,60.228,59.76770507568546,41.180598712993245,-0.02625061911837549
141,2020-05-21,64.48,59.967999999999996,61.338470050456976,68.19423930158209,0.09325194981349623
142,2020-05-22,64.01,60.43,62.22898003363799,65.0052285126683,-0.0072890818858560615
143,2020-05-23,64.65,61.302,63.035986689092,67.58535885635384,0.009998437744102492
144,2020-05-24,58.64,62.538000000000004,61.57065779272801,36.230017266796516,-0.09296210363495754
145,2020-05-25,64.25,62.152,62.46377186181867,58.626491854735555,0.09566848567530695
146,2020-05-26,64.28,63.206,63.06918124121245,58.72339452466601,0.0004669260700389282
147,2020-05-27,59.17,63.166000000000004,61.76945416080831,39.183377952136354,-0.07949595519601742
148,2020-05-28,62.97,62.198,62.16963610720555,53.55044308505923,0.06422173398681759
149,2020-05-29,64.56,61.862,62.96642407147037,58.65849800612436,0.02525011910433545
150,2020-05-30,60.12,63.046,62.01761604764692,42.38767726737026,-0.06877323420074356
151,2020-05-31,60.83,62.22,61.621744031764614,45.4141977082774,0.011809713905522304
152,2020-06-01,58.92,61.53,60.72116268784308,38.596187252780936,-0.03139898076606932
153,2020-06-02,64.6,61.48,62.014108458562056,60.589899555908836,0.09640190088255249
154,2020-06-03,58.96,61.806,60.99607230570804,41.94309387911036,-0.08730650154798753
155,2020-06-04,61.94,60.686,61.310714870472026,51.75031313376153,0.05054274084124825
156,2020-06-05,60.18,61.05,60.93380991364802,46.0121729183657,-0.028414594769131385
157,2020-06-06,61.17,60.92,61.01253994243202,49.91682687113925,0.016450648055832535
158,2020-06-07,59.08,61.37,60.36835996162135,41.916730671322725,-0.03416707536374045
159,2020-06-08,60.51,60.266,60.415573307747565,48.918554536154375,0.02420446851726472
160,2020-06-09,59.16,60.576,59.997048871831716,42.826295245912895,-0.02231036192364901
161,2020-06-10,61.49,60.019999999999996,60.49469924788781,54.93453002025685,0.039384719405003474
162,2020-06-11,61.39,60.282,60.793132831925206,54.31739874832282,-0.0016262806960481609
163,2020-06-12,61.98,60.326,61.18875522128347,57.812635220078505,0.009610685779442846
164,2020-06-13,61.8,60.906,61.39250348085565,56.17359920809106,-0.0029041626331074498
165,2020-06-14,61.21,61.164,61.33166898723711,50.327567224531045,-0.009546925566342982
166,2020-06-15,59.24,61.574,60.634445991491404,35.087042344297515,-0.03218428361378858
167,2020-06-16,64.76,61.124,62.009630660994276,68.49897273022204,0.0931802835921675
168,2020-06-17,61.58,61.798,61.86642044066285,49.975407791666626,-0.049104385423100784
169,2020-06-18,63.54,61.718,62.42428029377524,58.600677958463585,0.03182851575186751
170,2020-06-19,63.83,62.066,62.8928535291835,59.88006318116965,0.004564054139124947
171,2020-06-20,61.86,62.59,62.54856901945567,47.43299905402459,-0.030863230455898463
172,2020-06-21,60.98,63.114,62.02571267963711,42.50011160385232,-0.01422567086970583
173,2020-06-22,61.99,62.358,62.013808453091414,49.965297971359504,0.01656280747786168
174,2020-06-23,60.53,62.44,61.519205635394286,40.471066836364045,-0.02355218583642524
175,2020-06-24,63.54,61.838,62.19280375692953,60.039192449169384,0.04972740789691059
176,2020-06-25,59.05,61.78,61.14520250461969,37.2236778892049,-0.07066414856783132
177,2020-06-26,60.88,61.217999999999996,61.05680166974646,47.40599131705447,0.030990685859441244
178,2020-06-27,61.1,61.198,61.071201113164314,48.65743063555596,0.003613666228646499
179,2020-06-28,59.94,61.02,60.694134075442875,42.06113868399516,-0.018985270049099896
180,2020-06-29,62.12,60.902,61.16942271696192,56.05576051477379,0.0363697030363697
181,2020-06-30,62.73,60.618,61.68961514464128,59.47912674421366,0.00981970379909851
182,2020-07-01,62.25,61.354,61.87641009642753,55.24588780940014,-0.007651841224294547
183,2020-07-02,62.17,61.628,61.97427339761836,54.438699794650645,-0.0012851405622489687
184,2020-07-03,59.66,61.842,61.20284893174558,34.60779804340541,-0.04037317033939207
185,2020-07-04,61.64,61.786,61.348565954497055,51.88919436169573,0.03318806570566551
186,2020-07-05,62.95,61.69,61.882377302998044,60.51828443435355,0.0212524334847502
187,2020-07-06,61.43,61.734,61.731584868665365,48.02510446121202,-0.0241461477362987
188,2020-07-07,58.46,61.57,60.64105657911025,31.927181524963274,-0.048347712843887336
189,2020-07-08,60.11,60.828,60.46403771940683,44.78088977221605,0.028224426958604148
190,2020-07-09,58.7,60.918,59.87602514627123,37.26470317463839,-0.023456995508234848
191,2020-07-10,61.28,60.33,60.34401676418082,54.66767551507518,0.043952299829642216
192,2020-07-11,61.18,59.996,60.62267784278722,53.942681681337795,-0.0016318537859008064
193,2020-07-12,62.2,59.946,61.148451895191485,60.604076501989674,0.016672115070284457
194,2020-07-13,62.74,60.694,61.67896793012766,64.04539341963832,0.008681672025723458
195,2020-07-14,59.07,61.22,60.809311953418444,36.76357051740567,-0.05849537774944217
196,2020-07-15,59.86,61.294000000000004,60.4928746356123,43.26632616891673,0.013373963094633472
197,2020-07-16,59.57,61.01,60.18524975707487,41.3167630350294,-0.004844637487470751
198,2020-07-17,59.48,60.688,59.95016650471658,40.60695287752744,-0.0015108275977841767
199,2020-07-18,62.31,60.144,60.73677766981106,64.5469292346416,0.047579018157363914
200,2020-07-19,62.08,60.058,61.18451844654071,62.00779415368251,-0.003691221312790948
201,2020-07-20,59.39,60.66,60.58634563102714,39.36748517544153,-0.04333118556701027
202,2020-07-21,62.94,60.566,61.37089708735143,62.15937884495133,0.05977437279003194
203,2020-07-22,61.93,61.24,61.55726472490095,54.829569204609115,-0.016047028916428313
204,2020-07-23,60.67,61.73,61.261509816600636,46.31327415672883,-0.020345551429032747
205,2020-07-24,58.96,61.402,60.494339877733765,36.654909552406615,-0.028185264545904084
206,2020-07-25,63.38,60.778,61.45622658515585,62.15503759877759,0.07496607869742201
207,2020-07-26,63.33,61.576,62.080817723437235,61.80323555293635,-0.0007888923950773787
208,2020-07-27,62.62,61.654,62.26054514895816,56.160952734630776,-0.011211116374546042
209,2020-07-28,64.57,61.792,63.03036343263878,66.62227621251986,0.03114021079527301
210,2020-07-29,61.75,62.571999999999996,62.60357562175919,46.54440975804839,-0.04367353260027867
211,2020-07-30,63.33,63.129999999999995,62.8457170811728,55.86067374005572,0.025587044534412927
212,2020-07-31,63.91,63.12,63.20047805411521,59.12913544543912,0.009158376756671378
213,2020-08-01,64.45,63.236,63.616985369410145,62.371833681799735,0.008449381943357944
214,2020-08-02,64.53,63.602,63.921323579606764,62.916684375896,0.001241272304111688
215,2020-08-03,60.88,63.594,62.90754905307118,34.45970140631907,-0.05656283898961721
216,2020-08-04,62.92,63.42,62.911699368714125,50.19688053396818,0.03350854139290406
217,2020-08-05,59.59,63.338,61.80446624580942,33.69054706443666,-0.05292434837889381
218,2020-08-06,64.17,62.474000000000004,62.592977497206284,57.63878453876427,0.07685853331095818
219,2020-08-07,60.65,62.418,61.94531833147086,42.79160689427582,-0.05485429328346584
220,2020-08-08,59.09,61.642,60.99354555431391,37.44783670337246,-0.025721352019785575
221,2020-08-09,59.73,61.284,60.57236370287594,41.212609316570514,0.01083093586055159
222,2020-08-10,61.61,60.646,60.91824246858397,51.85291898428657,0.031474970701490086
223,2020-08-11,57.81,61.05,59.88216164572265,35.58137998536466,-0.061678298977438685
224,2020-08-12,60.69,59.778,60.151441097148435,50.343544537794436,0.04981837052413069
225,2020-08-13,60.15,59.786,60.15096073143229,47.77744874108329,-0.008897676717745908
226,2020-08-14,62.14,59.998,60.813973820954864,57.707690225082715,0.033083956774729875
227,2020-08-15,61.18,60.48,60.93598254730325,51.77134262882622,-0.015448986160283245
228,2020-08-16,58.96,60.394,60.27732169820217,39.905256592368445,-0.0362863680941484
229,2020-08-17,61.47,60.624,60.674881132134786,54.60876115980111,0.042571234735413806
230,2020-08-18,63.94,60.78,61.76325408808986,65.1095921119238,0.040182202700504294
231,2020-08-19,64.98,61.538,62.83550272539324,68.8966752946055,0.016265248670628812
232,2020-08-20,63.26,62.106,62.97700181692883,56.27019420904559,-0.02646968297937836
233,2020-08-21,58.99,62.522,61.648001211285894,35.8702819635171,-0.06749920961112861
234,2020-08-22,62.28,62.528,61.8586674741906,52.467026358188924,0.05577216477369044
235,2020-08-23,61.81,62.69,61.84244498279374,50.14941087474996,-0.0075465639049453895
236,2020-08-24,64.82,62.264,62.83496332186249,63.172318548264364,0.04869762174405421
237,2020-08-25,62.28,62.232,62.649975547908326,49.525195702110814,-0.03918543659364382
238,2020-08-26,64.58,62.036,63.293317031938884,59.442425768761346,0.03692999357739238
239,2020-08-27,64.16,63.153999999999996,63.582211354625926,56.8909559052713,-0.0065035614741406275
240,2020-08-28,63.1,63.53,63.42147423641729,50.105955813042684,-0.016521197007481222
241,2020-08-29,61.02,63.788,62.6209828242782,38.765722451909454,-0.03296354992076067
242,2020-08-30,63.23,63.028,62.8239885495188,52.91800396135509,0.0362176335627662
243,2020-08-31,61.85,63.217999999999996,62.499325699679204,44.830693060640805,-0.02182508303020711
244,2020-09-01,59.47,62.672,61.489550466452805,33.720866211650716,-0.038480194017785005
245,2020-09-02,63.35,61.734,62.10970031096854,55.96088677255316,0.06524297965360691
246,2020-09-03,59.73,61.784,61.31646687397903,40.22109172581203,-0.05714285714285721
247,2020-09-04,63.91,61.525999999999996,62.18097791598602,57.482039358129974,0.06998158379373849
248,2020-09-05,63.65,61.662,62.67065194399068,56.219881542281456,-0.004068220935690784
249,2020-09-06,58.57,62.022,61.30376796266046,36.59510065161915,-0.07981146897093477
250,2020-09-07,58.45,61.842,60.35251197510698,36.22175429508701,-0.002048830459279451
251,2020-09-08,61.39,60.862,60.69834131673799,51.40478783480081,0.05029940119760475
252,2020-09-09,59.77,61.194,60.388894211158664,44.16333736885526,-0.026388662648639802
253,2020-09-10,64.08,60.366,61.619262807439114,61.976648577963395,0.07210975405721926
254,2020-09-11,58.49,60.452,60.57617520495941,40.84899941187996,-0.08723470661672904
255,2020-09-12,62.14,60.436,61.09745013663961,53.72452679505946,0.06240382971448108
256,2020-09-13,60.2,61.174,60.79830009109308,46.93665070403725,-0.03121982619890566
257,2020-09-14,60.14,60.936,60.57886672739539,46.708502641228144,-0.000996677740863825
258,2020-09-15,63.8,61.01,61.6525778182636,61.11907247132583,0.060857998004655744
259,2020-09-16,64.42,60.954,62.5750518788424,63.22478494340325,0.009717868338558066
260,2020-09-17,59.42,62.14,61.52336791922827,40.89711334878757,-0.0776156473144986
261,2020-09-18,58.76,61.596000000000004,60.602245279485516,38.64527886889929,-0.0111073712554696
262,2020-09-19,63.91,61.308,61.704830186323676,60.08288415946175,0.08764465622872701
263,2020-09-20,62.97,62.062,62.12655345754912,55.64680624628378,-0.014708183382882144
264,2020-09-21,63.48,61.896,62.57770230503275,57.761786281743184,0.008099094807050945
265,2020-09-22,60.94,61.708,62.031801536688505,44.539647679974514,-0.040012602394454935
266,2020-09-23,63.31,62.012,62.45786769112567,56.22648830151368,0.03889071217591081
267,2020-09-24,62.38,62.922,62.43191179408379,50.95925908891568,-0.014689622492497232
268,2020-09-25,64.37,62.616,63.07794119605586,60.78515033852282,0.03190125040076951
269,2020-09-26,63.24,62.896,63.131960797370574,53.21683296595481,-0.017554761534876534
270,2020-09-27,64.55,62.848,63.60464053158039,60.36763415755498,0.02071473750790631
271,2020-09-28,62.08,63.57,63.0964270210536,44.37989574965779,-0.03826491092176606
272,2020-09-29,62.52,63.324,62.9042846807024,47.47728496455788,0.0070876288659794595
273,2020-09-30,59.02,63.352000000000004,61.609523120468275,30.557190438472887,-0.05598208573256558
274,2020-10-01,64.74,62.282000000000004,62.65301541364552,59.814106118007274,0.09691629955947122
275,2020-10-02,62.98,62.582,62.762010275763686,51.47326868732253,-0.02718566573988258
276,2020-10-03,59.03,62.268,61.518006850509124,36.99914765471354,-0.0627183232772308
277,2020-10-04,59.98,61.658,61.00533790033942,41.90991111368968,0.01609351177367433
278,2020-10-05,59.68,61.15,60.56355860022628,40.65888683762603,-0.005001667222407422
279,2020-10-06,64.99,61.282,62.03903906681752,64.2617785028068,0.08897453083109912
280,2020-10-07,61.79,61.332,61.95602604454502,49.44648082252761,-0.04923834436067081
281,2020-10-08,62.02,61.094,61.97735069636335,50.4723528982374,0.0037222851594109724
282,2020-10-09,59.98,61.692,61.311567130908905,41.20241488142486,-0.03289261528539191
283,2020-10-10,58.85,61.692,60.49104475393928,36.55388991374082,-0.018839613204401393
284,2020-10-11,59.25,61.525999999999996,60.07736316929286,39.57059182780001,0.0067969413763806046
285,2020-10-12,63.06,60.378,61.07157544619524,61.41437750689055,0.06430379746835446
286,2020-10-13,62.56,60.632,61.56771696413016,57.97652837602604,-0.00792895654931811
287,2020-10-14,62.34,60.74,61.82514464275345,56.244869425377864,-0.0035166240409206977
288,2020-10-15,57.67,61.212,60.4400964285023,31.377408626079273,-0.07491177414180304
289,2020-10-16,58.06,60.976,59.64673095233487,34.40486503453796,0.00676261487775274
290,2020-10-17,61.87,60.738,60.38782063488992,57.3709449563811,0.0656217705821563
291,2020-10-18,60.38,60.5,60.38521375659328,48.98668725117912,-0.0240827541619524
292,2020-10-19,58.95,60.064,59.90680917106219,41.6794332693858,-0.023683338853925134
293,2020-10-20,64.78,59.386,61.53120611404147,66.86677621907178,0.09889737065309581
294,2020-10-21,64.16,60.808,62.407470742694315,63.23632670100131,-0.009570855202222978
295,2020-10-22,59.83,62.028,61.54831382846288,42.90187362839916,-0.0674875311720698
296,2020-10-23,61.14,61.62,61.41220921897526,49.09258197524477,0.021895370215610936
297,2020-10-24,60.76,61.772,61.19480614598351,47.235589514167756,-0.006215243702976816
298,2020-10-25,62.0,62.134,61.46320409732235,54.28849252880565,0.020408163265306156
299,2020-10-26,63.89,61.577999999999996,62.27213606488157,63.56689384052967,0.030483870967741945
300,2020-10-27,63.82,61.524,62.78809070992105,62.97511041744014,-0.0010956331194240145
301,2020-10-28,58.87,62.322,61.4820604732807,34.54659338113112,-0.07756189282356632
302,2020-10-29,63.55,61.868,62.1713736488538,57.317686740928345,0.07949719721420077
303,2020-10-30,63.03,62.426,62.457582432569204,54.67579951574802,-0.008182533438237546
304,2020-10-31,64.71,62.632,63.20838828837947,61.78851569580993,0.02665397429795324
305,2020-11-01,60.01,62.796,62.14225885891965,39.89477608747434,-0.07263174161644254
306,2020-11-02,64.95,62.034,63.0781725726131,58.98748922458674,0.08231961339776712
307,2020-11-03,63.06,63.25,63.07211504840873,51.20820173590902,-0.029099307159353355
308,2020-11-04,62.76,63.152,62.96807669893916,49.90241885361537,-0.004757373929590933
309,2020-11-05,63.11,63.098,63.01538446595944,51.69859136260523,0.005576800509878926
310,2020-11-06,63.92,62.778,63.3169229773063,56.237584824783404,0.012834733005862815
311,2020-11-07,61.27,63.56,62.634615318204204,40.62528067734439,-0.0414580725907384
312,2020-11-08,61.27,62.824,62.17974354546947,40.625280677344406,0.0
313,2020-11-09,61.71,62.466,62.02316236364632,44.61428868673225,0.007181328545780932
314,2020-11-10,59.17,62.256,61.072108242430886,30.047524498765313,-0.04116026575919623
315,2020-11-11,60.76,61.468,60.96807216162059,44.28243303540337,0.026871725536589425
316,2020-11-12,59.22,60.836,60.3853814410804,35.5291653862985,-0.025345622119815656
317,2020-11-13,61.6,60.426,60.790254294053604,53.34491106306325,0.04018912529550832
318,2020-11-14,61.26,60.492,60.94683619603573,50.836336959538684,-0.005519480519480575
319,2020-11-15,61.03,60.402,60.974557464023825,48.892175914705724,-0.00375448906301007
320,2020-11-16,60.47,60.774,60.80637164268256,43.794757146508076,-0.00917581517286584
321,2020-11-17,59.62,60.716,60.410914428455044,36.562306973787564,-0.014056556970398568
322,2020-11-18,63.05,60.796,61.29060961897003,65.39145747598592,0.0575310298557531
323,2020-11-19,59.71,61.086,60.76373974598002,42.10233908056441,-0.052973830293417866
324,2020-11-20,63.53,60.775999999999996,61.68582649732002,61.63597551048684,0.06397588343661029
325,2020-11-21,64.61,61.275999999999996,62.66055099821335,65.7228995379409,0.01699984259405003
326,2020-11-22,64.03,62.104,63.11703399880891,61.33652394622747,-0.008976938554403317
327,2020-11-23,63.6,62.986,63.27802266587261,57.7638319901616,-0.006715602061533652
328,2020-11-24,62.67,63.096000000000004,63.07534844391508,49.90520364740449,-0.014622641509433957
329,2020-11-25,60.48,63.688,62.21023229594339,35.63479996594013,-0.034944949736716205
330,2020-11-26,64.25,63.078,62.890154863962266,60.15316498932034,0.06233465608465614
331,2020-11-27,62.46,63.006,62.746769909308185,49.06137178281628,-0.027859922178988313
332,2020-11-28,61.55,62.692,62.34784660620546,43.915494417102465,-0.01456932436759532
333,2020-11-29,63.62,62.282,62.771897737470304,56.799421850289846,0.03363119415109667
334,2020-11-30,62.23,62.472,62.59126515831354,47.61762689545286,-0.021848475322225724
335,2020-12-01,61.24,62.821999999999996,62.1408434388757,41.626795926954166,-0.01590872569500233
336,2020-12-02,59.23,62.22,61.1705622925838,31.552337081247728,-0.03282168517308957
337,2020-12-03,62.31,61.574,61.550374861722545,53.23233043792636,0.05200067533344598
338,2020-12-04,57.32,61.726,60.14024990781503,32.43013654526574,-0.08008345369924573
339,2020-12-05,58.78,60.466,59.686833271876694,40.879671762230544,0.02547103977669227
340,2020-12-06,58.56,59.776,59.31122218125114,39.93896043460829,-0.003742769649540641
341,2020-12-07,58.66,59.24,59.09414812083409,40.71411377345938,0.0017076502732239465
342,2020-12-08,58.53,59.126,58.90609874722273,39.877780980078136,-0.0022161609273780337
343,2020-12-09,61.08,58.37,59.63073249814849,60.01618997394535,0.04356740133264987
344,2020-12-10,58.46,59.122,59.240488332099,41.963759860344936,-0.04289456450556643
345,2020-12-11,61.67,59.058,60.050325554732666,60.26712650766822,0.054909339719466314
346,2020-12-12,58.02,59.68,59.373550369821785,41.61348448045255,-0.059185989946489354
347,2020-12-13,58.82,59.552,59.1890335798812,46.1775682250697,0.013788348845225734
348,2020-12-14,57.39,59.61,58.5893557199208,39.31138409869769,-0.024311458687521246
349,2020-12-15,62.31,58.872,59.82957047994721,62.982892908444335,0.08572922111866181
350,2020-12-16,60.35,59.642,60.003046986631475,52.7392656408804,-0.03145562510030494
351,2020-12-17,61.77,59.378,60.59203132442099,58.80663846976205,0.02352941176470591
352,2020-12-18,60.62,60.128,60.60135421628066,52.04297707312713,-0.018617451837461642
353,2020-12-19,63.34,60.488,61.51423614418711,64.21238263839794,0.04486967997360617
354,2020-12-20,62.63,61.678000000000004,61.88615742945807,59.30230685525325,-0.01120934638459111
355,2020-12-21,62.16,61.742000000000004,61.977438286305386,55.77335523756992,-0.007504390866996742
356,2020-12-22,59.33,62.104,61.09495885753692,38.52040000706386,-0.045527670527670504
357,2020-12-23,59.15,61.616,60.446639238357946,37.59576208979672,-0.003033878307770095
358,2020-12-24,61.27,61.322,60.721092825571965,53.89042550124463,0.03584108199492823
359,2020-12-25,63.58,60.908,61.67406188371464,65.98699952025503,0.037701974865350006
360,2020-12-26,61.63,61.098,61.6593745891431,51.68057122654933,-0.030670022019502922
361,2020-12-27,62.9,60.992,62.07291639276207,58.929615222734476,0.02060684731461944
362,2020-12-28,62.64,61.706,62.26194426184138,56.7508474860857,-0.004133545310015867
363,2020-12-29,60.99,62.404,61.837962841227586,43.8809758214101,-0.02634099616858235
364,2020-12-30,59.8,62.348,61.15864189415173,36.43255046137235,-0.019511395310706753
365,2020-12-31,61.35,61.592,61.22242792943449,50.196493437872626,0.025919732441471645
366,2021-01-01,61.53,61.536,61.324951952956326,51.71416787037187,0.002933985330073345
367,2021-01-02,64.36,61.262,62.33663463530422,69.80028877738536,0.04599382415082071
368,2021-01-03,62.55,61.606,62.407756423536156,53.71515448599069,-0.028123057799875735
369,2021-01-04,62.51,61.918,62.44183761569077,53.37537291229205,-0.0006394884092725683
370,2021-01-05,61.42,62.46,62.10122507712718,43.91349182376539,-0.01743721004639252
371,2021-01-06,60.53,62.474,61.57748338475146,37.185522883087515,-0.014490394008466306
372,2021-01-07,58.71,62.274,60.62165558983431,26.72081515727207,-0.030067735007434333
373,2021-01-08,60.07,61.144,60.43777039322288,41.97380099547664,0.023164707886220395
374,2021-01-09,59.34,60.648,60.071846928815255,36.83014795841165,-0.012152488763109653
375,2021-01-10,60.33,60.014,60.15789795254351,47.69572718051638,0.01668351870576331
376,2021-01-11,58.94,59.796,59.75193196836234,36.63607280602678,-0.0230399469583955
377,2021-01-12,64.03,59.478,61.1779546455749,69.26155609505383,0.08635900916185958
378,2021-01-13,60.69,60.542,61.01530309704994,48.69578704644543,-0.052163048570982404
379,2021-01-14,61.33,60.666,61.12020206469997,52.10230618653061,0.010545394628439621
380,2021-01-15,63.84,61.064,62.02680137646665,63.8646491876107,0.0409261372900702
381,2021-01-16,62.23,61.766,62.09453425097777,53.358470640052,-0.025219298245614138
382,2021-01-17,61.03,62.424,61.739689500651856,46.267217184218886,-0.019283303872730126
383,2021-01-18,65.0,61.824,62.82645966710124,65.32451873445711,0.06504997542192363
384,2021-01-19,64.0,62.686,63.21763977806749,58.76244050457823,-0.015384615384615385
385,2021-01-20,60.15,63.22,62.19509318537833,39.61247769533745,-0.06015625000000002
386,2021-01-21,63.16,62.482,62.51672879025223,54.199180594144295,0.05004156275976722
387,2021-01-22,64.15,62.668,63.061152526834825,58.33671959134566,0.01567447751741623
388,2021-01-23,64.08,63.292,63.40076835122322,57.874626039328746,-0.0010911925175371377
389,2021-01-24,59.53,63.108,62.11051223414882,35.21226241135405,-0.0710049937578027
390,2021-01-25,59.81,62.214,61.343674822765884,37.1066904047802,0.0047035108348731924
391,2021-01-26,58.72,62.146,60.46911654851059,32.484573396187486,-0.018224377194449144
392,2021-01-27,58.17,61.258,59.70274436567373,30.118297711317126,-0.00936648501362393
393,2021-01-28,57.51,60.062,58.97182957711583,27.15159037629647,-0.01134605466735437
394,2021-01-29,61.14,58.748,59.69455305141055,56.56546199267407,0.06311945748565471
395,2021-01-30,63.1,59.07,60.8297020342737,65.86718973040772,0.032057572783774954
396,2021-01-31,61.4,59.728,61.01980135618247,53.455667789242305,-0.026941362916006385
397,2021-02-01,63.02,60.264,61.686534237454985,61.987758930780174,0.02638436482084698
398,2021-02-02,62.28,61.234,61.884356158303326,56.1143610439742,-0.01174230403046655
399,2021-02-03,61.83,62.188,61.866237438868886,52.344337990929084,-0.0072254335260116065
400,2021-02-04,58.97,62.326,60.90082495924593,34.12845728868224,-0.04625586284974931
401,2021-02-05,60.29,61.5,60.69721663949729,45.142238709753485,0.022384263184670176
402,2021-02-06,61.36,61.278,60.91814442633153,53.0896728822658,0.017747553491457957
403,2021-02-07,63.1,60.946,61.645429617554356,63.761419787392825,0.028357235984354662
404,2021-02-08,60.38,61.11,61.22361974503624,44.14004304677712,-0.04310618066561012
405,2021-02-09,61.83,60.82,61.42574649669083,53.64549110492116,0.024014574362371574
406,2021-02-10,65.08,61.392,62.643830997793884,68.61061169168045,0.052563480511078765
407,2021-02-11,62.51,62.35,62.59922066519593,52.012585242472085,-0.03948985863552551
408,2021-02-12,62.92,62.58,62.70614711013063,54.221056120067004,0.006558950567909194
409,2021-02-13,60.66,62.544,62.024098073420426,41.16693923801925,-0.03591862682771782
410,2021-02-14,60.53,62.6,61.526065382280294,40.46642131810889,-0.0021430926475436113
411,2021-02-15,60.01,62.339999999999996,61.02071025485353,37.29340225727916,-0.008590781430695575
412,2021-02-16,62.38,61.326,61.473806836569025,56.655946441511716,0.03949341776370613
413,2021-02-17,59.85,61.3,60.932537891046024,40.12368716753517,-0.04055787111253609
414,2021-02-18,59.29,60.686,60.38502526069735,37.126280498862364,-0.009356725146198869
415,2021-02-19,63.49,60.412,61.4200168404649,63.02310627365832,0.07083825265643452
416,2021-02-20,61.65,61.004,61.49667789364327,51.42405982171086,-0.028980941880611174
417,2021-02-21,63.65,61.332,62.21445192909552,61.14112099002632,0.032441200324412
418,2021-02-22,62.76,61.586,62.396301286063675,55.01906938855422,-0.013982717989002367
419,2021-02-23,60.02,62.168,61.60420085737579,39.715462977863474,-0.04365838113448048
420,2021-02-24,62.98,62.314,62.062800571583864,56.17599238492264,0.04931689436854371
421,2021-02-25,63.1,62.211999999999996,62.40853371438924,56.77410289284298,0.0019053667831058201
422,2021-02-26,63.88,62.502,62.8990224762595,61.08895223969746,0.01236133122028528
423,2021-02-27,59.78,62.548,61.859348317506345,36.89225500028825,-0.06418284283030684
424,2021-02-28,59.22,61.952,60.979565545004235,34.5554415482989,-0.009367681498829078
425,2021-03-01,62.58,61.792,61.51304369666949,55.63266660145721,0.05673758865248226
426,2021-03-02,61.39,61.712,61.472029131113,48.69040500150999,-0.019015659955257235
427,2021-03-03,61.15,61.37,61.36468608740867,47.2053696448239,-0.003909431503502232
428,2021-03-04,61.43,60.824,61.38645739160579,49.45359817592843,0.004578904333605906
429,2021-03-05,64.39,61.153999999999996,62.38763826107053,67.65491182408608,0.048184925931955086
430,2021-03-06,59.03,62.188,61.26842550738036,37.27397007903454,-0.08324273955583164
431,2021-03-07,62.17,61.478,61.56895033825357,52.79618979315669,0.05319329154667119
432,2021-03-08,63.43,61.634,62.189300225502386,58.00837262727816,0.020267009811806305
433,2021-03-09,64.2,62.09,62.85953348366826,61.274754514257765,0.012139366230490353
434,2021-03-10,64.19,62.644,63.303022322445514,61.19747630435399,-0.00015576323987546908
435,2021-03-11,61.33,62.604,62.645348214963676,42.17984271977308,-0.04455522667082099
436,2021-03-12,60.47,63.064,61.92023214330912,37.768278700060264,-0.01402250122289254
437,2021-03-13,58.43,62.724,60.756821428872755,28.828112894999677,-0.033735736728956495
438,2021-03-14,62.41,61.724,61.30788095258184,54.87662319922734,0.06811569399281187
439,2021-03-15,60.58,61.366,61.06525396838789,45.33928636757908,-0.029322224002563665
440,2021-03-16,59.19,60.644,60.4401693122586,38.91746769496987,-0.022944866292505788
441,2021-03-17,59.56,60.216,60.14677954150574,41.66661175405015,0.006251055921608457
442,2021-03-18,61.08,60.034,60.457853027670495,52.6175197834002,0.02552048354600396
443,2021-03-19,62.78,60.564,61.231902018447,62.46786668687287,0.027832351015062262
444,2021-03-20,58.8,60.638,60.421268012298,38.83889693874795,-0.06339598598279714
445,2021-03-21,62.17,60.282,61.004178674865344,56.324563929030646,0.057312925170068106
446,2021-03-22,60.33,60.878,60.77945244991023,47.128739815385536,-0.029596268296606134
447,2021-03-23,60.34,61.032,60.63296829994016,47.18731629196172,0.000165755014089261
448,2021-03-24,62.3,60.884,61.188645533293446,58.46222219879961,0.032482598607888526
449,2021-03-25,63.27,60.788,61.88243035552897,63.30808135244803,0.01556982343499207
450,2021-03-26,63.78,61.682,62.514953570352645,65.92098288573584,0.008060692271218556
451,2021-03-27,64.45,62.004,63.15996904690177,69.4889762747681,0.010504860457823796
452,2021-03-28,64.5,62.828,63.60664603126785,69.7840822376201,0.0007757951900697774
453,2021-03-29,63.61,63.660000000000004,63.60776402084524,57.425796130248294,-0.01379844961240311
454,2021-03-30,59.02,63.922000000000004,62.07850934723016,26.813757807421425,-0.07215846565005496
455,2021-03-31,63.31,63.072,62.489006231486776,54.90090659371086,0.0726872246696035
456,2021-04-01,64.47,62.978,63.14933748765786,60.0792158098247,0.018322539883114778
457,2021-04-02,62.94,62.982,63.07955832510524,50.5162106757619,-0.02373196835737554
458,2021-04-03,59.04,62.67,61.733038883403495,33.51726734046359,-0.0619637750238322
459,2021-04-04,59.87,61.756,61.112025922269,38.97973349228266,0.014058265582655797
460,2021-04-05,62.36,61.926,61.528017281512675,53.352478940319465,0.041590111909136494
461,2021-04-06,61.19,61.736,61.41534485434178,46.86847874889657,-0.018762026940346403
462,2021-04-07,64.33,61.08,62.38689656956119,62.25654047952332,0.051315574440268026
463,2021-04-08,63.82,61.358,62.864597713040794,58.799113711214595,-0.007927871910461652
464,2021-04-09,62.71,62.314,62.8130651420272,51.08132359315033,-0.017392666875587583
465,2021-04-10,60.03,62.882,61.885376761351466,36.58764876406197,-0.04273640567692553
466,2021-04-11,63.37,62.416,62.38025117423432,56.02521176847748,0.05563884724304508
467,2021-04-12,63.15,62.852,62.636834116156216,54.6460569688447,-0.0034716742938298703
468,2021-04-13,60.32,62.616,61.864556077437484,39.149646254644104,-0.044813935075217706
469,2021-04-14,60.53,61.916,61.41970405162499,40.709207432655575,0.0034814323607427196
470,2021-04-15,61.91,61.48,61.58313603441666,51.020703023107366,0.022798612258384195
471,2021-04-16,63.21,61.856,62.12542402294444,59.34619462737103,0.020998223227265456
472,2021-04-17,64.83,61.824,63.026949348629635,67.85691887930582,0.025628856193640207
473,2021-04-18,63.75,62.16,63.26796623241976,57.77735530398991,-0.016658954187875958
474,2021-04-19,61.39,62.846,62.64197748827984,41.101079166901386,-0.037019607843137244
475,2021-04-20,61.08,63.018,62.1213183255199,39.241368967928445,-0.0050496823586903775
476,2021-04-21,58.57,62.852,60.937545550346606,26.915519586962105,-0.04109364767518006
477,2021-04-22,62.64,61.924,61.50503036689774,55.34518313768888,0.06948949974389619
478,2021-04-23,62.86,61.486,61.956686911265166,56.488813731370264,0.003512132822477632
479,2021-04-24,62.83,61.308,62.24779127417678,56.243288153393465,-0.00047725103404392516
480,2021-04-25,59.18,61.596,61.22519418278452,33.8606522616996,-0.05809326754734997
481,2021-04-26,59.12,61.216,60.52346278852301,33.58601001757175,-0.0010138560324434315
482,2021-04-27,63.69,61.326,61.57897519234868,62.52519755208276,0.07730040595399189
483,2021-04-28,60.95,61.536,61.36931679489912,47.13311776150203,-0.043020882399120663
484,2021-04-29,63.54,61.153999999999996,62.09287786326608,59.04559467308003,0.04249384741591462
485,2021-04-30,62.2,61.296,62.128585242177394,51.535582978942045,-0.021089077746301484
486,2021-05-01,63.71,61.9,62.65572349478493,58.89911885233626,0.02427652733118968
487,2021-05-02,59.13,62.818,61.48048232985663,37.37129582237371,-0.07188824360382982
488,2021-05-03,64.11,61.906,62.35698821990442,58.15774400309356,0.08422120750887868
489,2021-05-04,59.14,62.538000000000004,61.284658813269616,41.12873785804379,-0.07752300733114957
490,2021-05-05,64.42,61.658,62.329772542179754,57.61115444086072,0.08927967534663513
491,2021-05-06,62.68,62.102000000000004,62.44651502811984,51.65390189152882,-0.027010245265445543
492,2021-05-07,60.99,61.896,61.96101001874656,45.892494708706614,-0.026962348436502834
493,2021-05-08,63.72,62.268,62.54734001249771,55.83862191231979,0.0447614363010329
494,2021-05-09,64.56,62.19,63.218226674998476,58.75469039272361,0.013182674199623406
495,2021-05-10,62.82,63.274,63.08548444999899,50.17582930347358,-0.026951672862453563
496,2021-05-11,60.2,62.954,62.123656299999325,39.35913228588285,-0.041706462909901265
497,2021-05-12,59.4,62.458,61.21577086666622,36.366837661432044,-0.013289036544850568
498,2021-05-13,61.33,62.14,61.253847244444145,48.23475351309539,0.03249158249158249
499,2021-05-14,58.55,61.662,60.352564829629436,36.109100807405426,-0.04532855046469919
500,2021-05-15,60.19,60.46,60.29837655308629,46.10074362354088,0.028010247651579858
501,2021-05-16,57.64,59.934,59.41225103539087,35.35464681890835,-0.04236584150191057
502,2021-05-17,61.51,59.422,60.11150069026058,55.176029267777906,0.06714087439278274
503,2021-05-18,63.65,59.844,61.29100046017372,63.0146430167027,0.03479109087953179
504,2021-05-19,58.72,60.308,60.43400030678248,41.90962029416043,-0.07745483110761979
